[
    {
        "network": "#0",
        "numId": 2140,
        "poster": "/7odcr2uwJNhanhEaFOnITogxmRX.png"
    },
    {
        "network": "13e rue",
        "numId": 2058,
        "poster": "/e28DXTUjaK6SKCpJpmICQXllswx.png"
    },
    {
        "network": "A&E",
        "numId": 129,
        "poster": "/ptSTdU4GPNJ1M8UVEOtA0KgtuNk.png"
    },
    {
        "network": "ABC",
        "numId": 2,
        "poster": "/2uy2ZWcplrSObIyt4x0Y9rkG6qO.png"
    },
    {
        "network": "ABC Family",
        "numId": 75,
        "poster": "/p57JGkSUBdXbOtqkEKeTnfHn7kd.png"
    },
    {
        "network": "ABC Me",
        "numId": 279,
        "poster": "/5HcWDo0e9WFKAMx1CQ8qlztKpdV.png"
    },
    {
        "network": "ABEMA",
        "numId": 1521,
        "poster": "/tEYzkOmnBQ7jmxqdzJ6nAk429aO.png"
    },
    {
        "network": "AMC",
        "numId": 174,
        "poster": "/pmvRmATOCaDykE6JrVoeYxlFHw3.png"
    },
    {
        "network": "ANIMAX",
        "numId": 171,
        "poster": "/5S9xrNouNbaYlhDkaZopIpcmbp2.png"
    },
    {
        "network": "ARD",
        "numId": 308,
        "poster": "/n8OnhOKcr9buScZzEvfJKO6d6gz.png"
    },
    {
        "network": "AT-X",
        "numId": 173,
        "poster": "/fERjndErEpveJmQZccJbJDi93rj.png"
    },
    {
        "network": "Acorn TV",
        "numId": 2697,
        "poster": "/xzrHiDSO2IlFrBZZ6aKnSjxIwIJ.png"
    },
    {
        "network": "Adult Swim",
        "numId": 80,
        "poster": "/2ezVEkNx1tvBLONzDcViyfovWBH.png"
    },
    {
        "network": "Amazon",
        "numId": 1024,
        "poster": "/ifhbNuuVnlwYy5oXA5VIb2YR8AZ.png"
    },
    {
        "network": "Animal Planet",
        "numId": 91,
        "poster": "/m3KrDu1g96YByhH0wp4OvyghgsG.png"
    },
    {
        "network": "Antena 3",
        "numId": 400,
        "poster": "/l7MngINTyv0O6mNlwNsUlhQ9iwZ.png"
    },
    {
        "network": "Antenne 2",
        "numId": 1130,
        "poster": "/s1LJ4va6BZq17ebVQs0T9bBthgC.png"
    },
    {
        "network": "Apple TV+",
        "numId": 2552,
        "poster": "/4KAy34EHvRM25Ih8wb82AuGU7zJ.png"
    },
    {
        "network": "Arte",
        "numId": 662,
        "poster": "/6UIpEURdjnmcJPwgTDRzVRuwADr.png"
    },
    {
        "network": "Arte ",
        "numId": 1628,
        "poster": "/6UIpEURdjnmcJPwgTDRzVRuwADr.png"
    },
    {
        "network": "Asahi Broadcasting Corporation",
        "numId": 1410,
        "poster": "/ca3Qw7exc3RPSd0CQFOZuSNbGjF.png"
    },
    {
        "network": "Audience",
        "numId": 251,
        "poster": "/tmhbFiRpgJFSmza9GTQam8ICyHp.png"
    },
    {
        "network": "BBC America",
        "numId": 493,
        "poster": "/8Js4sUaxjE3RSxJcOCDjfXvhZqz.png"
    },
    {
        "network": "BBC Four",
        "numId": 100,
        "poster": "/lYk9QLeOO9RFuDz8pnW8NcoEL8B.png"
    },
    {
        "network": "BBC One",
        "numId": 4,
        "poster": "/mVn7xESaTNmjBUyUtGNvDQd3CT1.png"
    },
    {
        "network": "BBC Three",
        "numId": 3,
        "poster": "/qh5IQT9j5yNuxzVLC4v9DA5mPQO.png"
    },
    {
        "network": "BBC Two",
        "numId": 332,
        "poster": "/6kl5tMuct7u3ej5myL4c9QQVSW1.png"
    },
    {
        "network": "BET",
        "numId": 24,
        "poster": "/gaouRlJrfZlEA5EPHhO5qqZ1Fgu.png"
    },
    {
        "network": "BS Fuji",
        "numId": 1136,
        "poster": "/oMtJVGvqLAyQZvYTvjDIcbVEzwD.png"
    },
    {
        "network": "BS-TBS",
        "numId": 881,
        "poster": "/xHtce7jSMnxe2SDxxhWBZZyz0fm.png"
    },
    {
        "network": "BS11",
        "numId": 861,
        "poster": "/JQ5bx6n7Qmdmyqz6sqjo5Fz2iR.png"
    },
    {
        "network": "BS4",
        "numId": 3220,
        "poster": "/naTpOY8AjRtgBw0JXafrhAD8ZBT.png"
    },
    {
        "network": "Bandai Channel",
        "numId": 888,
        "poster": "/xGS6thPrtg4hA4bvjyKuWcpPSrk.png"
    },
    {
        "network": "Blackpills",
        "numId": 2097,
        "poster": "/aXVvr4Aw9JBj2SWrEjb1tJaHYPC.png"
    },
    {
        "network": "Boomerang",
        "numId": 523,
        "poster": "/lkMfZclFXosrByxWf459NrXBiRY.png"
    },
    {
        "network": "BrutX",
        "numId": 4876,
        "poster": "/AOD0Bu9BKuiTA6cf28YIZPWG4D.png"
    },
    {
        "network": "C More",
        "numId": 458,
        "poster": "/bWxX52rwNnkPVPtJCPKP5wlD9qP.png"
    },
    {
        "network": "CBBC",
        "numId": 15,
        "poster": "/9O6hVu6gePt7097QdqKxxSF9Suh.png"
    },
    {
        "network": "CBC",
        "numId": 201,
        "poster": "/qNooLje0YQh1y3y9LUM2Y5QCtiF.png"
    },
    {
        "network": "CBC Television",
        "numId": 23,
        "poster": "/cw5WW6cc9UANam4A6o1BDua9njN.png"
    },
    {
        "network": "CBS",
        "numId": 16,
        "poster": "/wWA5mILSAyahtdNQh1WiADi6PRI.png"
    },
    {
        "network": "CBS All Access",
        "numId": 1709,
        "poster": "/rSWD2WoY26KJmOw7QHvZjC5OEWG.png"
    },
    {
        "network": "CTV",
        "numId": 110,
        "poster": "/uPoKSf3GtME7IZz4alnoWvc0nWx.png"
    },
    {
        "network": "Canal D",
        "numId": 841,
        "poster": "/s3hn7KdtX26EYXFa0MRtLtoG8P6.png"
    },
    {
        "network": "Canal J",
        "numId": 682,
        "poster": "/uMMKGhrUmfXtE5SXLCyNtH6gJsV.png"
    },
    {
        "network": "Canal Vie",
        "numId": 2062,
        "poster": "/zJ9wiyWwHjf15OWLEccBLK7Glsa.png"
    },
    {
        "network": "Canal+",
        "numId": 285,
        "poster": "/9aotxauvc9685tq9pTcRJszuT06.png"
    },
    {
        "network": "Canal+ Poland",
        "numId": 951,
        "poster": "/snQBlVJrlLu8mgvvNf7cn6NUP9g.png"
    },
    {
        "network": "Canale 5",
        "numId": 537,
        "poster": "/5nhlFNs8ASHZij5ZNvF8sXwpLAL.png"
    },
    {
        "network": "Cartoon Network",
        "numId": 56,
        "poster": "/c5OC6oVCg6QP4eqzW6XIq17CQjI.png"
    },
    {
        "network": "Channel 4",
        "numId": 26,
        "poster": "/hbifXPpM55B1fL5wPo7t72vzN78.png"
    },
    {
        "network": "Channel 5",
        "numId": 99,
        "poster": "/bMuKs6xuhI0GHSsq4WWd9FsntUN.png"
    },
    {
        "network": "Chiba TV",
        "numId": 663,
        "poster": "/8XNtModCxAwtvLy86b3phkE1jge.png"
    },
    {
        "network": "Chukyo TV",
        "numId": 2727,
        "poster": "/KaIK93kJFD8WKH451owMdmNOSz.png"
    },
    {
        "network": "Cinemax",
        "numId": 359,
        "poster": "/6mSHSquNpfLgDdv6VnOOvC5Uz2h.png"
    },
    {
        "network": "Citytv",
        "numId": 92,
        "poster": "/38EhAHYoNzRDFCXAUdF4PEH9Kfl.png"
    },
    {
        "network": "Club Illico",
        "numId": 1290,
        "poster": "/sqJrxmxTASr5HaDGfARp2Mv1Cm0.png"
    },
    {
        "network": "Comedy Central",
        "numId": 1087,
        "poster": "/6ooPjtXufjsoskdJqj6pxuvHEno.png"
    },
    {
        "network": "Crackle",
        "numId": 928,
        "poster": "/bR8S6Fjv3VGtEKyKF5lvvRJ5xfw.png"
    },
    {
        "network": "Crave",
        "numId": 1344,
        "poster": "/xlVkcuR2NqruUHh8gPaAw9BvOCT.png"
    },
    {
        "network": "Crunchyroll",
        "numId": 1112,
        "poster": "/81QfupgVijSH5v1H3VUbdlPm2r8.png"
    },
    {
        "network": "DC Universe",
        "numId": 2243,
        "poster": "/eOL4PkiC0zkDpxKFQhBnmCtwx5p.png"
    },
    {
        "network": "DR1",
        "numId": 391,
        "poster": "/swq3ovsx3N3hUmqODqIAU8BSdos.png"
    },
    {
        "network": "Das Erste",
        "numId": 442,
        "poster": "/nGl2dDGonksWY4fTzPPdkK3oNyq.png"
    },
    {
        "network": "Discovery",
        "numId": 64,
        "poster": "/tmttRFo2OiXQD0EHMxxlw8EzUuZ.png"
    },
    {
        "network": "Disney Channel",
        "numId": 54,
        "poster": "/ii7tBmIbRycJHndfAVNjEpDD0o4.png"
    },
    {
        "network": "Disney Junior",
        "numId": 281,
        "poster": "/gcKywHY6hQ9ZO8x1R6rSUNQ8P8L.png"
    },
    {
        "network": "Disney XD",
        "numId": 44,
        "poster": "/nKM9EnV7jTpt3MKRbhBusJ03lAY.png"
    },
    {
        "network": "Disney+",
        "numId": 2739,
        "poster": "/uzKjVDmQ1WRMvGBb7UNRE0wTn1H.png"
    },
    {
        "network": "E4",
        "numId": 136,
        "poster": "/A7k2PSYy38NzDPDhajalNWcMQ10.png"
    },
    {
        "network": "Epix",
        "numId": 922,
        "poster": "/9aH86hGHVQfvhAqrDRv1EINoxua.png"
    },
    {
        "network": "FOD",
        "numId": 2763,
        "poster": "/xMGdd8hvu91BK098UwbUv9IdjM5.png"
    },
    {
        "network": "FOX",
        "numId": 19,
        "poster": "/1DSpHrWyOORkL9N2QHX7Adt31mQ.png"
    },
    {
        "network": "FX",
        "numId": 88,
        "poster": "/aexGjtcs42DgRtZh7zOxayiry4J.png"
    },
    {
        "network": "FXX",
        "numId": 1035,
        "poster": "/hDLXRZMBOCbpVYpkBbIlLvMXgdX.png"
    },
    {
        "network": "Family Channel",
        "numId": 197,
        "poster": "/uarlhdBymUYsmk0s4EoAaGtxuB6.png"
    },
    {
        "network": "Fox Kids",
        "numId": 2686,
        "poster": "/rUb71E91POVCxpXGJ49pf6m8Ukk.png"
    },
    {
        "network": "France 2",
        "numId": 361,
        "poster": "/b1cFa5FcHHnpejKiPybXSPcqKjT.png"
    },
    {
        "network": "France 3",
        "numId": 249,
        "poster": "/1ePfTUHHvBlVQxa0Fltx5kWhIs5.png"
    },
    {
        "network": "France 4",
        "numId": 511,
        "poster": "/9v9Mink1IVxPNRZOmCZ8N58BOHe.png"
    },
    {
        "network": "France 5",
        "numId": 255,
        "poster": "/8xK6AdNT6PfRyygRvb2MKCoqrv2.png"
    },
    {
        "network": "France TV Slash",
        "numId": 2983,
        "poster": "/6MNsYgexPfbWm7pxfosNqltwVDa.png"
    },
    {
        "network": "France.tv",
        "numId": 3856,
        "poster": "/70gkJYBgRMSmpPxk1OoBdGnlMxM.png"
    },
    {
        "network": "Freeform",
        "numId": 1267,
        "poster": "/rsz16keQ0hiBWYpaKIFspsMwuqj.png"
    },
    {
        "network": "Fuji TV",
        "numId": 1,
        "poster": "/yS5UJjsSdZXML0YikWTYYHLPKhQ.png"
    },
    {
        "network": "Global TV",
        "numId": 218,
        "poster": "/lpB2tPkovzbAbYfyBjJjbptygfV.png"
    },
    {
        "network": "Gulli",
        "numId": 2638,
        "poster": "/4b8ZM73YKqFCJLbQB70Pyw5wQCK.png"
    },
    {
        "network": "Gunma TV",
        "numId": 343,
        "poster": "/5nhtCgvP4jJ5ZN4ibLzcuw6dUbN.png"
    },
    {
        "network": "GyaO!",
        "numId": 2819,
        "poster": "/e4Zb74V62MpQRgtgZnBeGEt4UE9.png"
    },
    {
        "network": "H2",
        "numId": 849,
        "poster": "/bd6vDgU9S8RHZQhjACj007vSnR6.png"
    },
    {
        "network": "HBC",
        "numId": 3658,
        "poster": "/n77lM12X5dhGHb0I57RmbtqxFsd.png"
    },
    {
        "network": "HBO",
        "numId": 49,
        "poster": "/tuomPhY2UtuPTqqFnKMVHvSb724.png"
    },
    {
        "network": "HBO Max",
        "numId": 3186,
        "poster": "/nmU0UMDJB3dRRQSTUqawzF2Od1a.png"
    },
    {
        "network": "HTB",
        "numId": 12,
        "poster": "/eJSYeF1YIyQbZdTRNxuvVKaZOIK.png"
    },
    {
        "network": "Histoire TV",
        "numId": 4106,
        "poster": "/69WC8uq4u10eg7pAtfo0B3CRjQP.png"
    },
    {
        "network": "Historia",
        "numId": 1245,
        "poster": "/iGSOVzEREhbziFFcww4D9nLzKwy.png"
    },
    {
        "network": "History",
        "numId": 65,
        "poster": "/9fGgdJz17aBX7dOyfHJtsozB7bf.png"
    },
    {
        "network": "Hulu",
        "numId": 453,
        "poster": "/pqUTCleNUiTLAVlelGxUgWn1ELh.png"
    },
    {
        "network": "Hunan Television",
        "numId": 952,
        "poster": "/6WVfgvW4r3jiw6v80jflHSQr41j.png"
    },
    {
        "network": "ICI Explora",
        "numId": 1989,
        "poster": "/lRhRKVFzRQGeESBAETOZLcghtuM.png"
    },
    {
        "network": "ICI Radio-Canada Télé",
        "numId": 141,
        "poster": "/32OnRA75a9xn30N2fC44IcCzHkC.png"
    },
    {
        "network": "ICI TOU.TV",
        "numId": 1312,
        "poster": "/gnz7VENDBQfKeaJWDdT4f8O0bpG.png"
    },
    {
        "network": "ICI TOU.TV Extra",
        "numId": 3529,
        "poster": "/wP7QDZA7TOCa3B5rD00DtBjI31.png"
    },
    {
        "network": "ITV",
        "numId": 9,
        "poster": "/5Rmw4ViYcjW14PCdOyjsue9eK99.png"
    },
    {
        "network": "Investigation Discovery",
        "numId": 244,
        "poster": "/3s6YJSYXW9mtJwoszTVI1BHDNc6.png"
    },
    {
        "network": "JTBC",
        "numId": 885,
        "poster": "/44I4aVlasm8Blb8WPGXTkMYuZJF.png"
    },
    {
        "network": "KBS Kyoto",
        "numId": 1137,
        "poster": "/j12pSWPsDBxE1mmIpB7M8VRzk78.png"
    },
    {
        "network": "KBS2",
        "numId": 342,
        "poster": "/nFmWwUAf2D3iAtizUcmkxufaM0q.png"
    },
    {
        "network": "Kansai TV",
        "numId": 1163,
        "poster": "/1J33ZvSff1VOEt3aC8CyKmj9GEy.png"
    },
    {
        "network": "KiKa",
        "numId": 239,
        "poster": "/1dtumlarEVXeYX1BrUFS9qLoG2Z.png"
    },
    {
        "network": "Kids Station",
        "numId": 610,
        "poster": "/7V7vR2yOXblLOZH0qa1Zcqs5BRs.png"
    },
    {
        "network": "La 1",
        "numId": 443,
        "poster": "/dN6GTZyNY32q2onfrvJ2iAeE4su.png"
    },
    {
        "network": "La Une",
        "numId": 1386,
        "poster": "/kR47hzfGe3zFsFipHTuC123qyCe.png"
    },
    {
        "network": "Lifetime",
        "numId": 2974,
        "poster": "/kEeaVLcJ6L6jq3v5YlPcjQs9igm.png"
    },
    {
        "network": "M6",
        "numId": 712,
        "poster": "/ebCZs9U5Kq1GqOFBT1tlH1lZd8p.png"
    },
    {
        "network": "MBC",
        "numId": 97,
        "poster": "/pOSCKaZhndUFYtxHXjQOV6xJi1s.png"
    },
    {
        "network": "MBC 4",
        "numId": 2556,
        "poster": "/j6RmGEhE1V9MktLAgBilxUPVfAa.png"
    },
    {
        "network": "MBS",
        "numId": 94,
        "poster": "/7RNXnyiMbjgqtPAjja13wchcrGI.png"
    },
    {
        "network": "MTV",
        "numId": 33,
        "poster": "/w4qtv7xBkSVsbOQdSzjUjlyOuSr.png"
    },
    {
        "network": "Mango TV",
        "numId": 1631,
        "poster": "/c6GPQWwbXDuD59pGGutCBQ1T711.png"
    },
    {
        "network": "Moi & Cie",
        "numId": 1298,
        "poster": "/cJ1qV5JrgyEWe4s2zTb3jiqPSym.png"
    },
    {
        "network": "NAVER TV",
        "numId": 1152,
        "poster": "/zt8MWI6nc20BCTViJPrtFPJFAY3.png"
    },
    {
        "network": "NBC",
        "numId": 6,
        "poster": "/nGRVQlfmPBmfkNgCFpx5m7luTxG.png"
    },
    {
        "network": "NHK",
        "numId": 2334,
        "poster": "/rioX0zGJHGnuEm9iGMVL6N9guA0.png"
    },
    {
        "network": "NHK BS1",
        "numId": 219,
        "poster": "/8fr5rRhr3avyMYDDl4b3ePardYc.png"
    },
    {
        "network": "NHK Educational TV",
        "numId": 622,
        "poster": "/wfkmoG6V2zRURuAGrO54lAwD83u.png"
    },
    {
        "network": "NHK G\t",
        "numId": 469,
        "poster": "/bH9mwMa64tQeVhmTmkC8Qn9Eoe.png"
    },
    {
        "network": "NRK1",
        "numId": 379,
        "poster": "/4TTFfXnGIEosh3EPYX25ERWp1XG.png"
    },
    {
        "network": "Nagoya TV",
        "numId": 576,
        "poster": "/kW9bMQqnMFtPHvdoyCDpRqh7Gxt.png"
    },
    {
        "network": "Nat Geo Wild",
        "numId": 1043,
        "poster": "/esXeePrsUGpF6mGQXs3jImz9QoN.png"
    },
    {
        "network": "National Geographic",
        "numId": 43,
        "poster": "/q9rPBG1rHbUjII1Qn98VG2v7cFa.png"
    },
    {
        "network": "National Geographic Channel",
        "numId": 1825,
        "poster": "/q9rPBG1rHbUjII1Qn98VG2v7cFa.png"
    },
    {
        "network": "Netflix",
        "numId": 213,
        "poster": "/wwemzKWzjKYJFfCeiB57q3r4Bcm.png"
    },
    {
        "network": "Network Ten",
        "numId": 38,
        "poster": "/gHAm9zYjSX8IAJWuy2s4Du6onuo.png"
    },
    {
        "network": "Nick Jr.",
        "numId": 35,
        "poster": "/zmXCDvQt7AUf5ci1ldjFfccsmJc.png"
    },
    {
        "network": "Nickelodeon",
        "numId": 13,
        "poster": "/ikZXxg6GnwpzqiZbRPhJGaZapqB.png"
    },
    {
        "network": "Niconico",
        "numId": 1083,
        "poster": "/rU3iJ1dHKneqKLqZ1H1lc7eNy4T.png"
    },
    {
        "network": "Nine Network",
        "numId": 66,
        "poster": "/pXibAQSgIIanNkSg68dUooI7IGU.png"
    },
    {
        "network": "Nippon TV",
        "numId": 57,
        "poster": "/uxaXSoT8K0S2NE5PWsBpHUl3GGU.png"
    },
    {
        "network": "Noovo",
        "numId": 4161,
        "poster": "/5dvZFVBad4gj3vdCFY3kBHlIwg3.png"
    },
    {
        "network": "OCN",
        "numId": 627,
        "poster": "/x1PpeMBZ1bJzitJyPuuUMRN8u2z.png"
    },
    {
        "network": "OCS City",
        "numId": 1069,
        "poster": "/6toCBtsVvbItflTy1gg8qhLwx2v.png"
    },
    {
        "network": "OCS Max",
        "numId": 1899,
        "poster": "/hqYpZX7DKht3HTXbdi5SSCNEPxF.png"
    },
    {
        "network": "ORF",
        "numId": 189,
        "poster": "/3Yu4dZFU9eaavEj9U5s5ptl4fHj.png"
    },
    {
        "network": "ORTF Télévision",
        "numId": 1196,
        "poster": "/oRNBLezTiOW3WMly2rOqXoG5a5H.png"
    },
    {
        "network": "ORTF Télévision 2",
        "numId": 2198,
        "poster": "/AgVBX92ALf2fUZweiyhSKJYhkHo.png"
    },
    {
        "network": "OWN",
        "numId": 827,
        "poster": "/m8H0hZOpkskkIWeqRdiuP2CZOgq.png"
    },
    {
        "network": "PBS",
        "numId": 14,
        "poster": "/hp2Fs7AIdsMlEjiDUC1V8Ows2jM.png"
    },
    {
        "network": "PLANÈTE+",
        "numId": 2032,
        "poster": "/7wJmmffmEUVrvypzWI3AfL5xuro.png"
    },
    {
        "network": "Paramount+",
        "numId": 4330,
        "poster": "/fi83B1oztoS47xxcemFdPMhIzK.png"
    },
    {
        "network": "Peacock",
        "numId": 3353,
        "poster": "/gIAcGTjKKr0KOHL5s4O36roJ8p7.png"
    },
    {
        "network": "Planète+ A&E",
        "numId": 3050,
        "poster": "/h8WAnO9OIO0k2hLyKxTbXplYFUz.png"
    },
    {
        "network": "Planète+ Crime Investigation",
        "numId": 3659,
        "poster": "/8jkl8MtsINobD2IAZbA0bYDdUf4.png"
    },
    {
        "network": "ProSieben Maxx",
        "numId": 3282,
        "poster": "/eQPoTcjYtZocXyv1RFFWZJ3JKZ9.png"
    },
    {
        "network": "RMC Découverte",
        "numId": 1064,
        "poster": "/xU5g31CXgsP7BhcDtXx9yW0Emrj.png"
    },
    {
        "network": "RMC Story",
        "numId": 3674,
        "poster": "/uKuCdsGlB3QETtIqoReAkEFS8am.png"
    },
    {
        "network": "RTBF.be",
        "numId": 2385,
        "poster": "/rWYlPrkpIK1ZvDhpYTc03umbZYb.png"
    },
    {
        "network": "RTF Télévision",
        "numId": 1371,
        "poster": "/h6JrmEHzmsNEaOo16N3YHP2GHHl.png"
    },
    {
        "network": "RTL",
        "numId": 207,
        "poster": "/g5w1CvcMMBnxmXcsFUTLVBhH9Qp.png"
    },
    {
        "network": "RTL-TVI",
        "numId": 3777,
        "poster": "/1a0bsGJysuLK6iH0OaBnAfxeEB7.png"
    },
    {
        "network": "RTS Un",
        "numId": 1753,
        "poster": "/jXgJ9TRk5oRLPvm5UhRPYxCTHoH.png"
    },
    {
        "network": "RTÉ One",
        "numId": 155,
        "poster": "/2kjTvhfxtXLnHspCUZQ9cv9gToV.png"
    },
    {
        "network": "Rai 1",
        "numId": 533,
        "poster": "/pLsnP0qF90P4QAXTKGPgDsftKDl.png"
    },
    {
        "network": "Rai 2",
        "numId": 236,
        "poster": "/ar0fBQkxzbBYe4S8zEGnrfZNBnm.png"
    },
    {
        "network": "Rai Gulp",
        "numId": 1422,
        "poster": "/nzYlSSVEia1cj51VU28MNZt70IO.png"
    },
    {
        "network": "RÚV",
        "numId": 268,
        "poster": "/r4KMDmIFmjf1xhE3OmbSgaGNxt6.png"
    },
    {
        "network": "S4C",
        "numId": 139,
        "poster": "/GOTWuhzHulAcXJMETunP2Wy8No.png"
    },
    {
        "network": "SAT.1",
        "numId": 163,
        "poster": "/tpuoOACmOTDY96gSQ2dT5sd1Q3Q.png"
    },
    {
        "network": "SBS",
        "numId": 156,
        "poster": "/uHQFPvRTlpgaIFQVN8eKWEnFOll.png"
    },
    {
        "network": "SRF 1",
        "numId": 571,
        "poster": "/txYJaM2VKunNRk3JooH1mnsVSOg.png"
    },
    {
        "network": "SVT1",
        "numId": 356,
        "poster": "/zFb3TsNzVC8STlkSzbnF1FTHXTA.png"
    },
    {
        "network": "Salto",
        "numId": 4655,
        "poster": "/nEyiGEqWkT6qnXG8geMLp4g094C.png"
    },
    {
        "network": "Science",
        "numId": 226,
        "poster": "/orcpefChr3hPSipPcoYa9gSq7ev.png"
    },
    {
        "network": "Seven Network",
        "numId": 118,
        "poster": "/83L2wF8tM76nUQHzOBOBAGlPQVP.png"
    },
    {
        "network": "Showcase",
        "numId": 105,
        "poster": "/upKEJsOBq13zQGL9kGKi7btn5rc.png"
    },
    {
        "network": "Showtime",
        "numId": 67,
        "poster": "/Allse9kbjiP6ExaQrnSpIhkurEi.png"
    },
    {
        "network": "Sky Atlantic",
        "numId": 1063,
        "poster": "/6es7UmBjk2HTSZKq3NbtAxYEGCx.png"
    },
    {
        "network": "Sky Atlantic ",
        "numId": 2667,
        "poster": "/iVij5p9Mxfoj7mOmcLvVlKgIx9p.png"
    },
    {
        "network": "Sky Max",
        "numId": 5237,
        "poster": "/g2IOt9G84UAjsDPMXQiqgr77AMV.png"
    },
    {
        "network": "Sky One",
        "numId": 214,
        "poster": "/dVBHOr0nYCx9GSNesTVb1TT52Xj.png"
    },
    {
        "network": "Space",
        "numId": 170,
        "poster": "/l0TrgNyJsY0yV1hTggk9eWDtV5I.png"
    },
    {
        "network": "Spike",
        "numId": 55,
        "poster": "/82MKSH7iM5LAGXFb0PDOclTWn5u.png"
    },
    {
        "network": "Starz",
        "numId": 318,
        "poster": "/8GJjw3HHsAJYwIWKIPBPfqMxlEa.png"
    },
    {
        "network": "Sun TV",
        "numId": 817,
        "poster": "/5g8LER5X7tvziu3We71m9HnBmy6.png"
    },
    {
        "network": "SundanceTV",
        "numId": 270,
        "poster": "/xhTdszjVRy1tABMix2dffBcdDJ1.png"
    },
    {
        "network": "Syfy",
        "numId": 77,
        "poster": "/iYfrkobwDhTOFJ4AXYPSLIEeaAT.png"
    },
    {
        "network": "Syndication",
        "numId": 184,
        "poster": null
    },
    {
        "network": "TBS",
        "numId": 68,
        "poster": "/65r0kR6MfOBYF0gEQsJGM6v5fEG.png"
    },
    {
        "network": "TF1",
        "numId": 290,
        "poster": "/fqsd09CrijoGu6qfoNIdgUQmVGO.png"
    },
    {
        "network": "TMC",
        "numId": 1133,
        "poster": "/mG8AujLo1qacorLWNXqHqMCxlPM.png"
    },
    {
        "network": "TNT",
        "numId": 41,
        "poster": "/6ISsKwa2XUhSC6oBtHZjYf6xFqv.png"
    },
    {
        "network": "TV 2",
        "numId": 467,
        "poster": "/vwi8lYIc8I765Z4vX0sBum9Kk55.png"
    },
    {
        "network": "TV Aichi",
        "numId": 252,
        "poster": "/zFZ5KCuvx7K0vP9XgGcidfXjuUd.png"
    },
    {
        "network": "TV Osaka",
        "numId": 824,
        "poster": "/6foQmoPac7WCDnDuDbuCZklmDuA.png"
    },
    {
        "network": "TV Setouchi",
        "numId": 2064,
        "poster": "/qi4L1ffRabF5LJqVimCaaUYpeSj.png"
    },
    {
        "network": "TV Tokyo",
        "numId": 98,
        "poster": "/kGRavMqgyx4p2X4C96bjRCj50oI.png"
    },
    {
        "network": "TV3",
        "numId": 406,
        "poster": "/bvjlXF06a7hR3vJ4IoFkGVLaBFo.png"
    },
    {
        "network": "TV4",
        "numId": 352,
        "poster": "/9zmhGgy7jANwrQduB16IubC10KM.png"
    },
    {
        "network": "TV5 Québec Canada",
        "numId": 1533,
        "poster": "/5KU8oRvXX9I1bWdiATsSlYqx6em.png"
    },
    {
        "network": "TVA",
        "numId": 302,
        "poster": "/gc3SsJUQa7mGnHLds13zzoxG3zd.png"
    },
    {
        "network": "TVQ",
        "numId": 822,
        "poster": "/koirj3XCAq3J6OK3YpNepJIq7lO.png"
    },
    {
        "network": "Telemundo",
        "numId": 193,
        "poster": "/mieMBXx82qgY8nmnyaH0rY2D943.png"
    },
    {
        "network": "Teletama",
        "numId": 715,
        "poster": "/yhFNPfWqQTOj8olwR4Gk2H5397X.png"
    },
    {
        "network": "Teletoon",
        "numId": 83,
        "poster": "/mE2ElX5BSeUhiT3V8qUhLjd3Nbz.png"
    },
    {
        "network": "Tencent Video",
        "numId": 2007,
        "poster": "/uBCIoV9AUGIdfXTrtJ6CRIxOZF6.png"
    },
    {
        "network": "The CW",
        "numId": 71,
        "poster": "/ge9hzeaU7nMtQ4PjkFlc68dGAJ9.png"
    },
    {
        "network": "The WB",
        "numId": 21,
        "poster": "/9GlDHjQj9c2dkfARCR3zlH87R66.png"
    },
    {
        "network": "Tochigi TV",
        "numId": 2478,
        "poster": "/2v82HpzoKRveJEJcGHkeTcktMRM.png"
    },
    {
        "network": "Tokyo MX",
        "numId": 614,
        "poster": "/3qFArHw6nrFIdkH2tPht701sNhs.png"
    },
    {
        "network": "Toon Disney",
        "numId": 142,
        "poster": "/7ahoCR2iIFYd0p2xbbrhQgnClJC.png"
    },
    {
        "network": "Toute l'Histoire",
        "numId": 2273,
        "poster": "/x805Xveq5h4eSUZ9rbgXJe8R3ie.png"
    },
    {
        "network": "Travel Channel",
        "numId": 209,
        "poster": "/8SwN81R7P5vD5mhtOE0taw5mji4.png"
    },
    {
        "network": "Télé-Québec",
        "numId": 1131,
        "poster": "/c1YCG42hBUQruiOKRT7xD6erGZd.png"
    },
    {
        "network": "Télétoon+",
        "numId": 2170,
        "poster": "/nLFQkHAhQXlhLGRXJTbuULYJWuv.png"
    },
    {
        "network": "UPN",
        "numId": 40,
        "poster": "/333LtWX9Z7H9uRrNcCl1JcTvdpR.png"
    },
    {
        "network": "USA Network",
        "numId": 30,
        "poster": "/g1e0H0Ka97IG5SyInMXdJkHGKiH.png"
    },
    {
        "network": "Unis TV",
        "numId": 2088,
        "poster": "/dWmz39wEMoREif2ncajtcukKUQ7.png"
    },
    {
        "network": "VRAK",
        "numId": 350,
        "poster": "/jbVGAEHzFWfEGvP2SEJHw3TWqV3.png"
    },
    {
        "network": "Viaplay",
        "numId": 2406,
        "poster": "/zs2yhnfMzRLoRtZgGRf41mqrLL0.png"
    },
    {
        "network": "WGN America",
        "numId": 202,
        "poster": "/kCNFRiqVRMgNWKSWu0LzAIpy9um.png"
    },
    {
        "network": "WOWOW Prime",
        "numId": 172,
        "poster": "/dCN47YS5lugkwts5ellpW51cBzL.png"
    },
    {
        "network": "YTV",
        "numId": 569,
        "poster": "/cIMyE9cw1W4kMFGxmC17HKTnVz9.png"
    },
    {
        "network": "YouTube",
        "numId": 247,
        "poster": "/9Ga8A5QegQmiSVHp4hyusfMfpVk.png"
    },
    {
        "network": "YouTube Premium",
        "numId": 1436,
        "poster": "/3p05CgodUb9gPayuliuhawNj1Wo.png"
    },
    {
        "network": "Youku",
        "numId": 1419,
        "poster": "/jGumA5iP8eXdQ22EOFY6kWrBzza.png"
    },
    {
        "network": "ZDF",
        "numId": 31,
        "poster": "/2OHAgbf6QUj4cWjmFkFKu4jIsq1.png"
    },
    {
        "network": "bilibili",
        "numId": 1605,
        "poster": "/mtmMg3PD4YGfrlmqpEiO6NL2ch9.png"
    },
    {
        "network": "d Anime Store",
        "numId": 3685,
        "poster": "/cCbMTimZb14Bk4KL6yHCVJl0ANC.png"
    },
    {
        "network": "discovery+",
        "numId": 4353,
        "poster": "/1D1bS3Dyw4ScYnFWTlBOvJXC3nb.png"
    },
    {
        "network": "iQiyi",
        "numId": 1330,
        "poster": "/t2HmORL2WgZdUUWyK2QOVIU6lwv.png"
    },
    {
        "network": "showcase",
        "numId": 1630,
        "poster": "/aE73SvqF48ZdeMQ0Ls8kzxiikwL.png"
    },
    {
        "network": "tv asahi",
        "numId": 103,
        "poster": "/j3xAzk1SYQQwrQOD7acdSz675Wa.png"
    },
    {
        "network": "tv5unis.ca",
        "numId": 3664,
        "poster": "/6Q0QyebAHKzDLHqW3xzajNYnVPA.png"
    },
    {
        "network": "tvN",
        "numId": 866,
        "poster": "/aRDq8zBrX3YLpHSfueNQBkNnn7b.png"
    },
    {
        "network": "tvk",
        "numId": 792,
        "poster": "/onniCKpgZl8VEVSS8oa08Oas9jT.png"
    },
    {
        "network": "vtm",
        "numId": 556,
        "poster": "/383jAo1fLu8FTnbjFRY7gS4s6K2.png"
    },
    {
        "network": "wavve",
        "numId": 3357,
        "poster": "/wVDwKx6dXTn4viTSuPLobna518F.png"
    },
    {
        "network": "yes",
        "numId": 644,
        "poster": "/9yWETECjfnsxZ9UtviBZXaZ087k.png"
    },
    {
        "network": "Évasion",
        "numId": 1785,
        "poster": "/foDbNVuLQudI0OvopKUW8ZGUMXO.png"
    },
    {
        "network": "één",
        "numId": 1028,
        "poster": "/tbpZK0xCfDzNPdzz5s4L1OJGjCS.png"
    },
    {
        "network": "ČT1",
        "numId": 632,
        "poster": "/4fuYKKu4XvCIgFh7Sg2j8Uzgjmv.png"
    }
]