<?xml version="1.0" encoding="UTF-8" standalone="yes"?>
<addon id="service.U2PplayMajRapide" name="U2Pplay Maj rapide" version="1.0.1" provider-name="CoKodico">
    <requires>
        <import addon="xbmc.python" version="3.0.0"/>
    </requires>
    <extension point="xbmc.service" library="U2PplayFast.py" start="startup"/>
    <extension point="xbmc.addon.metadata">
        <summary lang="en_GB">U2Pplay</summary>
        <description lang="en_GB"></description>
        <language></language>
        <platform>all</platform>
        <license>Apache-2.0</license>
        <forum></forum>
        <website></website>
        <email></email>
        <source></source>
        <news></news>
        <disclaimer></disclaimer>
        <assets>
            <icon>resources/icon.png</icon>
            <fanart>resources/fanart.jpg</fanart>
            <screenshot>screenshot-01.jpg</screenshot>
            <screenshot>screenshot-02.jpg</screenshot>
        </assets>
    </extension>
</addon>
